1	2870	3185	Over-coverage
1	3820	4110	Over-coverage
1	11466	11820	Over-coverage
1	13735	13947	Over-coverage
1	15161	15502	Over-coverage
1	24370	24608	Over-coverage
1	32357	32583	Over-coverage
1	33312	33836	Over-coverage
1	36295	36536	Over-coverage
1	46225	46670	Over-coverage
1	56142	56529	Over-coverage
1	57622	57947	Over-coverage
1	58460	58804	Over-coverage
1	61335	61733	Over-coverage
1	62043	62364	Over-coverage
1	63003	63235	Over-coverage
1	64508	64736	Over-coverage
1	65549	65755	Over-coverage
1	73842	74067	Over-coverage
1	77129	77448	Over-coverage
1	77540	77887	Over-coverage
1	94225	94443	Over-coverage
1	95006	95291	Over-coverage
1	97756	98043	Over-coverage
1	100949	101432	Over-coverage
1	101510	102042	Over-coverage
1	102976	103572	Over-coverage
1	104356	104715	Over-coverage
1	105030	105385	Over-coverage
1	105437	105826	Over-coverage
1	106416	106698	Over-coverage
1	106859	107299	Over-coverage
1	108006	108621	Over-coverage
1	110120	110333	Over-coverage
1	110360	110770	Over-coverage
1	111306	111544	Over-coverage
1	112008	112323	Over-coverage
1	112376	112734	Over-coverage
1	114463	114742	Over-coverage
1	114809	116383	Over-coverage
1	116470	117626	Over-coverage
1	118297	119068	Over-coverage
1	119989	121532	Over-coverage
1	121808	122310	Over-coverage
1	122789	123202	Over-coverage
1	123904	124716	Over-coverage
1	124781	125127	Over-coverage
1	125195	125681	Over-coverage
1	125761	125984	Over-coverage
1	127890	128151	Over-coverage
1	128290	128661	Over-coverage
1	128732	129238	Over-coverage
1	130086	130318	Over-coverage
1	130857	131078	Over-coverage
1	131094	131453	Over-coverage
1	131663	132455	Over-coverage
1	132780	134459	Over-coverage
1	134906	135573	Over-coverage
1	135655	136077	Over-coverage
1	136844	137121	Over-coverage
1	137572	137873	Over-coverage
1	138129	138747	Over-coverage
1	138881	139653	Over-coverage
1	140378	140717	Over-coverage
1	140896	142252	Over-coverage
1	142283	142693	Over-coverage
1	143381	144405	Over-coverage
1	144581	144991	Over-coverage
1	145231	145776	Over-coverage
1	148378	148833	Over-coverage
1	149051	149450	Over-coverage
1	149719	149947	Over-coverage
1	150077	150352	Over-coverage
1	150375	150808	Over-coverage
1	151051	151473	Over-coverage
1	151581	151889	Over-coverage
1	151967	152321	Over-coverage
1	152325	152528	Over-coverage
1	153002	153585	Over-coverage
1	153939	154389	Over-coverage
1	154488	154903	Over-coverage
1	155023	155314	Over-coverage
1	155913	156552	Over-coverage
1	157177	157536	Over-coverage
1	158139	158502	Over-coverage
1	159052	160083	Over-coverage
1	160130	160582	Over-coverage
1	160585	160896	Over-coverage
1	162465	162866	Over-coverage
1	163397	163802	Over-coverage
1	164234	164617	Over-coverage
1	165065	165495	Over-coverage
1	165505	166059	Over-coverage
1	166312	166797	Over-coverage
1	167036	167631	Over-coverage
1	168129	168748	Over-coverage
1	168750	169194	Over-coverage
1	170118	170528	Over-coverage
1	171113	171391	Over-coverage
1	171455	171675	Over-coverage
1	171860	172233	Over-coverage
1	172554	173245	Over-coverage
1	173651	173862	Over-coverage
1	175032	175358	Over-coverage
1	175962	176367	Over-coverage
1	176457	176769	Over-coverage
1	177163	177501	Over-coverage
1	177574	177810	Over-coverage
1	177997	178536	Over-coverage
1	178665	179181	Over-coverage
1	179183	179475	Over-coverage
1	179613	180403	Over-coverage
1	180428	181208	Over-coverage
1	181255	181501	Over-coverage
1	182051	182513	Over-coverage
1	182555	182923	Over-coverage
1	183271	183567	Over-coverage
1	184222	184943	Over-coverage
1	185362	185652	Over-coverage
1	185825	186157	Over-coverage
1	187108	187383	Over-coverage
1	187631	187832	Over-coverage
1	188070	189013	Over-coverage
1	189365	189818	Over-coverage
1	190393	190924	Over-coverage
1	191247	191545	Over-coverage
1	191547	191901	Over-coverage
1	191905	192189	Over-coverage
1	192483	193189	Over-coverage
1	193260	193735	Over-coverage
1	193917	194272	Over-coverage
1	194296	194730	Over-coverage
1	194806	195228	Over-coverage
1	195460	195763	Over-coverage
1	197230	197847	Over-coverage
1	198309	198733	Over-coverage
1	198846	199404	Over-coverage
1	199659	199983	Over-coverage
1	208034	208294	Over-coverage
1	209097	209397	Over-coverage
1	227729	228058	Over-coverage
1	232973	233223	Over-coverage
1	236781	237091	Over-coverage
1	237197	237475	Over-coverage
1	246615	246931	Over-coverage
1	250477	250892	Over-coverage
1	251499	251778	Over-coverage
1	257988	258264	Over-coverage
1	265810	266023	Over-coverage
1	271125	271475	Over-coverage
1	275745	276123	Over-coverage
1	299928	300302	Over-coverage
1	300406	300945	Over-coverage
1	301245	301690	Over-coverage
1	301764	302725	Over-coverage
1	302746	303049	Over-coverage
1	303297	303696	Over-coverage
1	303807	304566	Over-coverage
1	306501	307237	Over-coverage
1	307317	308027	Over-coverage
1	308038	308338	Over-coverage
1	308603	309230	Over-coverage
1	309844	310067	Over-coverage
1	310236	310508	Over-coverage
1	310590	310908	Over-coverage
1	311113	311462	Over-coverage
1	311522	312018	Over-coverage
1	312933	313334	Over-coverage
1	314547	314931	Over-coverage
1	315205	315438	Over-coverage
1	315915	316313	Over-coverage
1	316872	317932	Over-coverage
1	318095	318540	Over-coverage
1	319543	320791	Over-coverage
1	322214	322451	Over-coverage
1	323439	324052	Over-coverage
1	324545	325865	Over-coverage
1	326230	326654	Over-coverage
1	326976	327461	Over-coverage
1	330125	331405	Over-coverage
1	331752	332484	Over-coverage
1	332656	333059	Over-coverage
1	333489	334019	Over-coverage
1	334569	335130	Over-coverage
1	335219	335696	Over-coverage
1	336006	336351	Over-coverage
1	337296	337694	Over-coverage
1	337846	338399	Over-coverage
1	339230	339759	Over-coverage
1	339810	340158	Over-coverage
1	340816	341143	Over-coverage
1	341161	341690	Over-coverage
1	342850	343354	Over-coverage
1	343741	343994	Over-coverage
1	344807	345365	Over-coverage
1	345556	346470	Over-coverage
1	346599	346853	Over-coverage
1	347309	348296	Over-coverage
1	348967	349355	Over-coverage
1	349508	350004	Over-coverage
1	350953	351368	Over-coverage
1	351699	352827	Over-coverage
1	353215	353475	Over-coverage
1	353739	354085	Over-coverage
1	354497	354788	Over-coverage
1	355676	355918	Over-coverage
1	356053	356551	Over-coverage
1	356735	357005	Over-coverage
1	357124	357547	Over-coverage
1	357549	357999	Over-coverage
1	358119	358525	Over-coverage
1	358719	358966	Over-coverage
1	359842	360417	Over-coverage
1	361201	361582	Over-coverage
1	362816	363251	Over-coverage
1	364451	365348	Over-coverage
1	366768	367289	Over-coverage
1	368895	369301	Over-coverage
1	370099	370377	Over-coverage
1	370939	371300	Over-coverage
1	371630	371965	Over-coverage
1	372372	372710	Over-coverage
1	372740	373063	Over-coverage
1	373118	373487	Over-coverage
1	373734	374059	Over-coverage
1	374128	374527	Over-coverage
1	374736	375069	Over-coverage
1	375138	375466	Over-coverage
1	376253	376503	Over-coverage
1	376733	377036	Over-coverage
1	377104	377354	Over-coverage
1	377806	378088	Over-coverage
1	379397	379695	Over-coverage
1	379830	380666	Over-coverage
1	380928	381313	Over-coverage
1	381610	381998	Over-coverage
1	382699	383856	Over-coverage
1	384102	384939	Over-coverage
1	385249	385453	Over-coverage
1	386460	387295	Over-coverage
1	387572	387798	Over-coverage
1	389554	390231	Over-coverage
1	390434	390812	Over-coverage
1	390978	391345	Over-coverage
1	391633	391899	Over-coverage
1	392038	392248	Over-coverage
1	392274	392711	Over-coverage
1	393022	393320	Over-coverage
1	393604	394317	Over-coverage
1	397260	397607	Over-coverage
1	397981	398256	Over-coverage
1	398330	398681	Over-coverage
1	399392	399764	Over-coverage
1	400902	401190	Over-coverage
1	418196	418630	Over-coverage
1	425714	425942	Over-coverage
1	429894	430165	Over-coverage
1	441472	441777	Over-coverage
1	461665	462008	Over-coverage
1	468441	468724	Over-coverage
1	486963	487253	Over-coverage
1	493075	493312	Over-coverage
1	498690	498924	Over-coverage
1	499382	499599	Over-coverage
1	500671	500939	Over-coverage
1	502562	502812	Over-coverage
1	503097	503430	Over-coverage
1	503446	503798	Over-coverage
1	504507	504794	Over-coverage
1	506387	506679	Over-coverage
1	507978	508309	Over-coverage
1	508621	509502	Over-coverage
1	509683	510434	Over-coverage
1	510455	510867	Over-coverage
1	511440	511849	Over-coverage
1	513096	513776	Over-coverage
1	513779	514105	Over-coverage
1	514125	514551	Over-coverage
1	515158	515577	Over-coverage
1	515942	516671	Over-coverage
1	516844	517200	Over-coverage
1	517346	517850	Over-coverage
1	518850	519458	Over-coverage
1	520186	520623	Over-coverage
1	520662	520945	Over-coverage
1	521119	521386	Over-coverage
1	521464	522135	Over-coverage
1	522456	523460	Over-coverage
1	524569	525205	Over-coverage
1	525242	525555	Over-coverage
1	526502	526781	Over-coverage
1	527630	528227	Over-coverage
1	528467	528672	Over-coverage
1	529092	529461	Over-coverage
1	529874	530960	Over-coverage
1	531215	531625	Over-coverage
1	531777	532183	Over-coverage
1	532424	533029	Over-coverage
1	533100	533728	Over-coverage
1	534422	534890	Over-coverage
1	534934	535204	Over-coverage
1	535806	536061	Over-coverage
1	536215	536430	Over-coverage
1	536507	537612	Over-coverage
1	537983	538312	Over-coverage
1	538329	538569	Over-coverage
1	538645	539340	Over-coverage
1	540434	540707	Over-coverage
1	541466	541670	Over-coverage
1	542194	542654	Over-coverage
1	542990	543377	Over-coverage
1	543425	544116	Over-coverage
1	544983	545436	Over-coverage
1	545578	546170	Over-coverage
1	546277	546600	Over-coverage
1	546653	547243	Over-coverage
1	547266	547800	Over-coverage
1	547937	548360	Over-coverage
1	548631	548831	Over-coverage
1	549147	549362	Over-coverage
1	549703	549965	Over-coverage
1	550881	551408	Over-coverage
1	551894	552347	Over-coverage
1	552376	552676	Over-coverage
1	552830	553287	Over-coverage
1	554271	554776	Over-coverage
1	556630	557159	Over-coverage
1	557465	558380	Over-coverage
1	558803	559621	Over-coverage
1	560936	561172	Over-coverage
1	563744	563979	Over-coverage
1	563996	564308	Over-coverage
1	564731	565368	Over-coverage
1	566657	567097	Over-coverage
1	567717	568024	Over-coverage
1	568311	568636	Over-coverage
1	569173	569441	Over-coverage
1	569893	570831	Over-coverage
1	570844	571201	Over-coverage
1	571475	572057	Over-coverage
1	573528	574044	Over-coverage
1	574245	574618	Over-coverage
1	575252	575567	Over-coverage
1	576069	576512	Over-coverage
1	577049	577292	Over-coverage
1	577370	578166	Over-coverage
1	578506	578937	Over-coverage
1	579120	579333	Over-coverage
1	579443	579827	Over-coverage
1	580892	581218	Over-coverage
1	581453	581793	Over-coverage
1	581987	582425	Over-coverage
1	582779	583145	Over-coverage
1	584448	584758	Over-coverage
1	584803	585108	Over-coverage
1	585162	585873	Over-coverage
1	585902	586209	Over-coverage
1	586729	587177	Over-coverage
1	587299	587520	Over-coverage
1	588074	588570	Over-coverage
1	588640	589014	Over-coverage
1	589619	590225	Over-coverage
1	590228	590870	Over-coverage
1	591015	591404	Over-coverage
1	592160	592426	Over-coverage
1	592505	592841	Over-coverage
1	592896	593304	Over-coverage
1	593510	593809	Over-coverage
1	594219	594544	Over-coverage
1	595284	595974	Over-coverage
1	596084	596290	Over-coverage
1	596376	596936	Over-coverage
1	597231	597534	Over-coverage
1	597885	598471	Over-coverage
1	598473	598855	Over-coverage
1	598974	599502	Over-coverage
1	599655	599971	Over-coverage
1	601328	601543	Over-coverage
1	603881	604107	Over-coverage
1	604399	604778	Over-coverage
1	605674	605944	Over-coverage
1	608335	608651	Over-coverage
1	612953	613230	Over-coverage
1	614954	615186	Over-coverage
1	619097	619365	Over-coverage
1	643494	643794	Over-coverage
1	645930	646202	Over-coverage
1	649868	650212	Over-coverage
1	664812	665057	Over-coverage
1	673180	673574	Over-coverage
1	685626	685905	Over-coverage
1	698274	698570	Over-coverage
1	700232	700550	Over-coverage
1	700801	701175	Over-coverage
1	702074	702450	Over-coverage
1	703200	703521	Over-coverage
1	703546	703869	Over-coverage
1	704045	705092	Over-coverage
1	705535	705865	Over-coverage
1	706504	706916	Over-coverage
1	707659	708059	Over-coverage
1	708721	709368	Over-coverage
1	710032	710410	Over-coverage
1	710662	710917	Over-coverage
1	711081	711502	Over-coverage
1	711517	712130	Over-coverage
1	712400	712773	Over-coverage
1	714420	714792	Over-coverage
1	716036	716305	Over-coverage
1	717149	717397	Over-coverage
1	717535	718174	Over-coverage
1	718308	718854	Over-coverage
1	719520	720005	Over-coverage
1	720880	721348	Over-coverage
1	721375	721994	Over-coverage
1	722080	722484	Over-coverage
1	722509	722860	Over-coverage
1	723226	723512	Over-coverage
1	723820	724199	Over-coverage
1	724755	725157	Over-coverage
1	726179	726729	Over-coverage
1	727078	727778	Over-coverage
1	728288	729332	Over-coverage
1	729522	729891	Over-coverage
1	730709	731263	Over-coverage
1	731265	731628	Over-coverage
1	732483	733068	Over-coverage
1	733460	733786	Over-coverage
1	733915	734181	Over-coverage
1	736705	736988	Over-coverage
1	737619	738018	Over-coverage
1	739156	739448	Over-coverage
1	739557	739875	Over-coverage
1	740442	741189	Over-coverage
1	741344	741997	Over-coverage
1	742081	742723	Over-coverage
1	742750	743174	Over-coverage
1	743707	744179	Over-coverage
1	744226	744759	Over-coverage
1	745086	745396	Over-coverage
1	745402	745638	Over-coverage
1	745664	746209	Over-coverage
1	746234	746552	Over-coverage
1	746564	746928	Over-coverage
1	746953	747245	Over-coverage
1	748229	748667	Over-coverage
1	749268	750026	Over-coverage
1	752456	752791	Over-coverage
1	757648	757909	Over-coverage
1	763524	763869	Over-coverage
1	769028	769283	Over-coverage
1	772801	773012	Over-coverage
1	775284	775640	Over-coverage
1	784304	784678	Over-coverage
1	792786	793092	Over-coverage
1	799662	799984	Over-coverage
1	800955	801185	Over-coverage
1	801707	802675	Over-coverage
1	803627	804024	Over-coverage
1	804333	804725	Over-coverage
1	804744	805585	Over-coverage
1	805664	805957	Over-coverage
1	806085	806395	Over-coverage
1	806584	806843	Over-coverage
1	807423	808228	Over-coverage
1	809429	811204	Over-coverage
1	812586	813038	Over-coverage
1	813330	813746	Over-coverage
1	813864	814123	Over-coverage
1	814233	814469	Over-coverage
1	815506	816233	Over-coverage
1	816283	816579	Over-coverage
1	816846	817287	Over-coverage
1	819009	819457	Over-coverage
1	819904	820248	Over-coverage
1	823222	823507	Over-coverage
1	824075	824295	Over-coverage
1	827927	828227	Over-coverage
1	839287	839677	Over-coverage
1	841379	841617	Over-coverage
1	845814	846046	Over-coverage
1	874464	874777	Over-coverage
1	875867	876294	Over-coverage
1	878106	878336	Over-coverage
1	878605	878860	Over-coverage
1	886011	886214	Over-coverage
1	891303	891578	Over-coverage
1	901104	901334	Over-coverage
1	904591	904952	Over-coverage
1	909962	910313	Over-coverage
1	910421	910646	Over-coverage
1	913053	913363	Over-coverage
1	925043	925321	Over-coverage
1	929096	929410	Over-coverage
1	934283	934614	Over-coverage
1	955265	955532	Over-coverage
1	955845	956083	Over-coverage
1	957478	957756	Over-coverage
1	958476	958696	Over-coverage
1	962552	962951	Over-coverage
1	964914	965242	Over-coverage
1	978559	978779	Over-coverage
1	982733	982961	Over-coverage
1	990433	990709	Over-coverage
1	992330	992811	Over-coverage
1	1010565	1010973	Over-coverage
1	1011273	1011845	Over-coverage
1	1014274	1014557	Over-coverage
1	1017055	1017437	Over-coverage
1	1021675	1021918	Over-coverage
1	1022332	1022753	Over-coverage
1	1026356	1026555	Over-coverage
1	1027060	1027347	Over-coverage
1	1040725	1040956	Over-coverage
1	1043880	1044279	Over-coverage
1	1060723	1061094	Over-coverage
1	1073137	1073350	Over-coverage
1	1082049	1082389	Over-coverage
1	1084099	1084366	Over-coverage
1	1090267	1090599	Over-coverage
1	1092809	1093180	Over-coverage
1	1093781	1094010	Over-coverage
1	1095355	1095590	Over-coverage
1	1097103	1097410	Over-coverage
1	1099541	1099938	Over-coverage
1	1100361	1100740	Over-coverage
1	1110443	1110708	Over-coverage
1	1117877	1118287	Over-coverage
1	1120121	1120328	Over-coverage
1	1122194	1122447	Over-coverage
1	1123618	1123895	Over-coverage
1	1131481	1131750	Over-coverage
1	1135763	1136025	Over-coverage
1	1143409	1143788	Over-coverage
1	1150927	1151261	Over-coverage
1	1154667	1154872	Over-coverage
1	1159415	1159835	Over-coverage
1	1170148	1170434	Over-coverage
1	1171417	1171775	Over-coverage
1	1174420	1174771	Over-coverage
1	1177684	1177897	Over-coverage
1	1189259	1189613	Over-coverage
1	1199084	1199337	Over-coverage
1	1215319	1215635	Over-coverage
1	1224873	1225140	Over-coverage
1	1228559	1228826	Over-coverage
1	1231411	1231692	Over-coverage
1	1232314	1232675	Over-coverage
1	1233071	1233403	Over-coverage
1	1234410	1234739	Over-coverage
1	1234884	1235085	Over-coverage
1	1235128	1235456	Over-coverage
1	1243961	1244176	Over-coverage
1	1247345	1247557	Over-coverage
1	1252061	1252406	Over-coverage
1	1256298	1256584	Over-coverage
1	1257002	1257317	Over-coverage
1	1257414	1257807	Over-coverage
1	1259005	1259453	Over-coverage
1	1261294	1261549	Over-coverage
1	1264498	1264736	Over-coverage
1	1269276	1269593	Over-coverage
1	1271107	1271309	Over-coverage
1	1271398	1271656	Over-coverage
1	1275906	1276286	Over-coverage
1	1279654	1279862	Over-coverage
1	1283982	1284344	Over-coverage
1	1286952	1287406	Over-coverage
1	1288301	1288595	Over-coverage
1	1290168	1290433	Over-coverage
1	1296097	1296374	Over-coverage
1	1304536	1304866	Over-coverage
1	1307623	1307961	Over-coverage
1	1321854	1322137	Over-coverage
1	1326088	1326342	Over-coverage
1	1330784	1331018	Over-coverage
1	1333735	1334061	Over-coverage
1	1342459	1342673	Over-coverage
1	1344107	1344394	Over-coverage
1	1344982	1345231	Over-coverage
1	1347075	1347378	Over-coverage
1	1348430	1348653	Over-coverage
1	1349287	1349576	Over-coverage
1	1350875	1351303	Over-coverage
1	1353289	1353684	Over-coverage
1	1355409	1355735	Over-coverage
1	1356108	1356310	Over-coverage
1	1359238	1359593	Over-coverage
1	1364580	1364858	Over-coverage
1	1366706	1366931	Over-coverage
1	1370920	1371140	Over-coverage
1	1372092	1372357	Over-coverage
1	1375855	1376175	Over-coverage
1	1387620	1387854	Over-coverage
1	1393397	1393602	Over-coverage
1	1401270	1401599	Over-coverage
1	1404444	1404726	Over-coverage
1	1407206	1407507	Over-coverage
1	1408613	1408897	Over-coverage
1	1409585	1409914	Over-coverage
1	1410407	1410811	Over-coverage
1	1417636	1417862	Over-coverage
1	1428713	1429043	Over-coverage
1	1446973	1447262	Over-coverage
1	1450963	1451181	Over-coverage
1	1453880	1454091	Over-coverage
1	1455346	1455774	Over-coverage
1	1464617	1465003	Over-coverage
1	1466790	1467055	Over-coverage
1	1467117	1467465	Over-coverage
1	1468886	1469178	Over-coverage
1	1469312	1469616	Over-coverage
1	1469934	1470356	Over-coverage
1	1476062	1476277	Over-coverage
1	1489043	1489375	Over-coverage
1	1492362	1492728	Over-coverage
1	1501581	1501803	Over-coverage
1	1512211	1512443	Over-coverage
1	1512825	1513146	Over-coverage
1	1516277	1516624	Over-coverage
1	1525228	1525474	Over-coverage
1	1527406	1527661	Over-coverage
1	1528819	1529174	Over-coverage
1	1542783	1543075	Over-coverage
1	1549934	1550244	Over-coverage
1	1558557	1558871	Over-coverage
1	1560306	1560597	Over-coverage
1	1563903	1564252	Over-coverage
1	1569509	1569947	Over-coverage
1	1570633	1570934	Over-coverage
1	1574805	1575046	Over-coverage
1	1588363	1588716	Over-coverage
1	1597397	1597724	Over-coverage
1	1598336	1598620	Over-coverage
1	1600832	1601076	Over-coverage
1	1603688	1603955	Over-coverage
1	1605925	1606246	Over-coverage
1	1609955	1610508	Over-coverage
1	1611546	1611895	Over-coverage
1	1613011	1613218	Over-coverage
1	1617488	1617744	Over-coverage
1	1620987	1621249	Over-coverage
1	1622707	1623074	Over-coverage
1	1625505	1625738	Over-coverage
1	1629598	1629874	Over-coverage
1	1631326	1631533	Over-coverage
1	1635759	1636058	Over-coverage
1	1636828	1637111	Over-coverage
1	1641793	1642089	Over-coverage
1	1643152	1643647	Over-coverage
1	1646496	1646780	Over-coverage
1	1647874	1648173	Over-coverage
1	1649036	1649260	Over-coverage
1	1651862	1652065	Over-coverage
1	1653070	1653448	Over-coverage
1	1663930	1664226	Over-coverage
1	1668049	1668422	Over-coverage
